{
    "accuracy": 0.9553679131483716,
    "recall": 0.7610619469026548
}
