{
    "accuracy": 0.94681411269089,
    "recall": 0.7604562737642585
}
