step	accuracy
0	0.9553679131483716
0	0.9553679131483716
