step	accuracy
0	0.94681411269089
0	0.94681411269089
